,Close,Volume,Open,High,Low
0,79.87999725341797,1416232,79.79000091552734,80.22000122070312,79.38999938964844
1,80.30999755859375,1622784,80.97000122070312,81.19000244140625,80.25
2,79.7699966430664,2129260,79.7300033569336,79.87999725341797,79.2300033569336
3,81.19999694824219,2417468,80.81999969482422,81.19999694824219,80.18000030517578
4,80.9000015258789,1719114,81.22000122070312,81.25,80.02999877929688
5,81.48999786376953,3014295,81.5,81.83999633789062,81.16999816894531
6,82.5,2875353,81.62999725341797,82.5,81.6050033569336
7,82.4800033569336,1434635,82.0999984741211,82.58000183105469,81.7300033569336
8,83.16999816894531,2703855,82.95999908447266,83.5199966430664,82.7699966430664
9,83.66000366210938,2039328,83.0999984741211,83.7699966430664,83.0999984741211
10,84.45999908447266,3058484,84.0,84.45999908447266,83.87999725341797
11,84.05000305175781,2401336,84.73999786376953,84.95999908447266,84.01000213623047
12,83.93000030517578,1980399,84.0,84.4000015258789,83.83000183105469
13,83.4800033569336,1923944,83.87999725341797,83.87999725341797,83.19999694824219
14,84.44999694824219,3656698,83.5,84.55999755859375,83.48999786376953
15,84.5199966430664,2105704,84.44000244140625,84.94999694824219,84.26000213623047
16,84.94000244140625,2839291,84.9000015258789,85.4000015258789,84.7699966430664
17,84.0199966430664,2273413,83.69999694824219,84.06999969482422,83.54000091552734
18,84.61000061035156,1877335,84.44000244140625,84.86000061035156,84.16000366210938
19,85.44000244140625,3176161,84.83999633789062,85.44000244140625,84.68000030517578
20,85.26000213623047,6713764,85.56999969482422,85.97000122070312,84.9000015258789
21,84.55000305175781,2139581,84.1500015258789,84.94999694824219,84.05999755859375
22,84.30999755859375,2564013,84.4000015258789,84.69000244140625,83.96499633789062
23,83.27999877929688,3166202,85.0,85.0,83.27999877929688
24,84.2300033569336,3581220,83.93000030517578,84.3499984741211,83.5
25,84.80000305175781,3368097,84.62000274658203,84.80000305175781,83.94999694824219
26,84.31999969482422,1818742,84.73999786376953,84.73999786376953,84.08000183105469
27,84.72000122070312,1913033,84.80000305175781,85.0,84.5199966430664
28,88.18000030517578,7132862,86.19999694824219,88.55999755859375,86.19999694824219
29,88.7300033569336,4143011,88.48999786376953,88.7300033569336,87.87000274658203
30,90.98999786376952,7942600,89.4000015258789,91.0500030517578,89.30000305175781
31,89.45999908447266,2619663,90.79000091552734,90.87999725341795,89.25
32,90.26000213623048,3817424,89.80999755859375,90.26000213623048,89.58000183105469
33,87.83000183105469,8050978,88.01000213623047,88.1500015258789,87.5
34,87.8499984741211,2902590,87.83000183105469,88.0999984741211,87.41000366210938
35,88.80000305175781,2506023,87.8499984741211,88.80000305175781,87.52999877929688
36,87.98999786376953,2432907,87.61000061035156,87.98999786376953,87.4000015258789
37,86.80000305175781,3475833,86.30000305175781,87.27999877929688,85.8499984741211
38,85.3499984741211,3362264,85.33000183105469,86.05000305175781,85.06999969482422
39,84.43000030517578,4435151,85.12000274658203,85.63999938964844,83.7300033569336
40,81.77999877929688,7654504,82.25,82.58999633789062,81.2699966430664
41,80.47000122070312,4714534,80.05000305175781,80.7699966430664,78.75
42,79.11000061035156,4537570,81.5,81.94999694824219,79.08999633789062
43,77.11000061035156,4610814,78.16999816894531,78.4000015258789,76.5
44,76.75,5804404,78.1500015258789,78.30000305175781,76.38999938964844
45,73.93000030517578,4995332,75.33000183105469,75.5,73.93000030517578
46,69.1500015258789,7669261,71.0,71.95999908447266,69.1500015258789
47,73.37000274658203,8874773,67.52999877929688,73.37000274658203,65.75
48,68.5,8171997,73.06999969482422,73.5,68.5
49,63.11000061035156,10247518,67.9000015258789,68.73999786376953,63.11000061035156
50,66.36000061035156,17021972,60.470001220703125,66.36000061035156,57.15999984741211
51,59.720001220703125,10752353,61.43999862670898,65.37999725341797,59.720001220703125
52,67.63999938964844,11345264,59.720001220703125,67.9000015258789,59.70000076293945
53,63.95000076293945,10404325,65.95999908447266,66.9000015258789,61.959999084472656
54,60.95000076293945,10958660,66.19000244140625,68.5,60.45000076293945
55,59.90999984741211,10756489,64.41000366210938,64.41000366210938,59.90999984741211
56,54.2599983215332,10019723,57.709999084472656,57.79999923706055,53.43999862670898
57,57.0,6944322,56.0099983215332,58.08000183105469,55.0
58,62.400001525878906,7698259,62.0,62.400001525878906,57.880001068115234
59,61.79999923706055,5841282,62.900001525878906,63.209999084472656,60.060001373291016
60,57.65999984741211,12591507,63.27999877929688,63.790000915527344,57.65999984741211
61,63.95000076293945,5825869,57.84999847412109,63.95000076293945,57.84999847412109
62,61.81999969482422,9250686,64.5999984741211,68.18000030517578,61.0
63,63.66999816894531,6392579,64.0,64.0,61.56999969482422
64,61.2400016784668,8116112,61.25,62.290000915527344,59.68000030517578
65,60.11000061035156,5466414,62.09999847412109,62.5,59.66999816894531
66,62.470001220703125,4475626,61.09000015258789,62.9900016784668,60.5
67,61.869998931884766,6689173,63.59999847412109,64.79000091552734,61.0
68,59.810001373291016,7488425,60.0,61.25,59.310001373291016
69,61.7599983215332,4265838,61.56999969482422,61.7599983215332,59.84000015258789
70,62.75,4179847,61.7599983215332,62.75,60.79999923706055
71,62.06999969482422,4472733,62.5,63.25,61.5
72,61.2599983215332,5129177,60.470001220703125,61.2599983215332,60.13999938964844
73,61.060001373291016,3484591,62.150001525878906,62.290000915527344,61.04999923706055
74,59.880001068115234,3866241,60.9900016784668,61.59000015258789,59.880001068115234
75,58.630001068115234,4261494,60.13999938964844,60.45000076293945,58.630001068115234
76,59.25,4437856,58.380001068115234,59.95000076293945,57.58000183105469
77,58.83000183105469,4443380,60.0,60.2400016784668,58.369998931884766
78,58.880001068115234,4408844,58.54999923706055,59.54999923706055,58.4900016784668
79,58.880001068115234,4215834,58.25,58.880001068115234,57.0
80,58.61000061035156,4608913,59.09999847412109,60.130001068115234,58.0
81,61.06999969482422,3903547,59.34999847412109,61.06999969482422,59.34999847412109
82,62.68999862670898,5477696,61.880001068115234,62.93000030517578,61.2599983215332
83,58.84000015258789,5231281,61.5099983215332,61.540000915527344,58.84000015258789
84,59.880001068115234,3294801,58.630001068115234,60.11000061035156,58.0099983215332
85,60.84999847412109,3811757,60.59999847412109,61.18999862670898,60.150001525878906
86,60.34999847412109,2251545,60.5,60.70000076293945,59.880001068115234
87,59.2599983215332,3227213,59.93000030517578,60.18999862670898,59.13999938964844
88,59.59999847412109,3732173,60.25,60.29999923706055,59.470001220703125
89,60.13999938964844,3138014,60.0,60.77000045776367,59.79999923706055
90,59.709999084472656,3095215,60.18999862670898,60.5,59.25
91,60.84999847412109,4472151,59.20000076293945,60.84999847412109,58.790000915527344
92,58.900001525878906,4440061,59.400001525878906,59.59000015258789,58.81999969482422
93,59.59999847412109,2541031,59.5,59.7599983215332,58.90999984741211
94,58.900001525878906,2783661,59.88999938964844,59.93999862670898,58.880001068115234
95,59.650001525878906,3796234,60.09999847412109,60.400001525878906,59.400001525878906
96,60.06999969482422,2628015,59.09999847412109,60.09999847412109,59.02000045776367
97,59.04999923706055,3701924,60.34000015258789,60.400001525878906,59.04999923706055
98,58.70000076293945,3533352,59.150001525878906,59.459999084472656,58.70000076293945
99,58.9900016784668,3314489,59.34000015258789,59.369998931884766,58.650001525878906
100,61.310001373291016,6741584,59.400001525878906,61.310001373291016,59.11000061035156
101,64.30000305175781,10042101,61.810001373291016,65.87999725341797,61.7400016784668
102,65.7300033569336,5684569,66.01000213623047,67.02999877929688,65.08999633789062
103,63.75,8073379,65.37000274658203,65.6500015258789,63.75
104,63.900001525878906,3070283,63.04999923706055,64.2300033569336,62.310001373291016
105,64.02999877929688,2100991,64.0,64.44000244140625,63.56999969482422
106,66.11000061035156,3553552,64.61000061035156,66.29000091552734,64.45999908447266
107,67.66000366210938,6606740,67.9000015258789,68.6500015258789,66.91000366210938
108,68.7300033569336,4428390,68.16999816894531,68.9800033569336,67.91000366210938
109,72.19999694824219,5346437,71.0,72.41999816894531,70.66999816894531
110,71.5999984741211,3872247,71.37999725341797,72.41999816894531,70.5999984741211
111,68.44000244140625,5573908,69.87000274658203,70.5,68.30999755859375
112,67.31999969482422,6002755,66.5,67.63999938964844,65.37999725341797
113,66.30000305175781,4090602,67.22000122070312,68.0,66.30000305175781
114,69.08999633789062,5425361,68.76000213623047,69.56999969482422,68.1500015258789
115,69.58999633789062,3893680,69.69999694824219,69.77999877929688,68.55999755859375
116,69.01000213623047,6359929,69.1500015258789,69.44000244140625,68.12999725341797
117,68.68000030517578,5999403,69.6500015258789,69.87000274658203,68.36000061035156
118,69.44000244140625,2314821,68.1500015258789,69.86000061035156,67.9000015258789
119,69.02999877929688,2516618,69.66000366210938,69.66000366210938,68.29000091552734
120,69.23999786376953,2798594,69.23999786376953,69.5999984741211,68.62999725341797
121,67.6500015258789,3797086,67.95999908447266,68.61499786376953,67.56999969482422
122,69.2699966430664,5935454,68.66999816894531,69.41000366210938,68.31999969482422
123,68.58000183105469,2706964,67.80000305175781,68.58000183105469,67.37000274658203
124,69.41999816894531,4503164,69.55000305175781,70.1500015258789,69.01000213623047
125,69.87999725341797,2669469,69.44999694824219,69.87999725341797,68.87000274658203
126,71.0999984741211,4184511,69.80000305175781,71.16000366210938,69.5199966430664
127,71.56999969482422,2633309,71.43000030517578,71.93000030517578,70.7699966430664
128,71.41999816894531,2432574,71.4000015258789,72.30000305175781,70.97000122070312
129,71.23999786376953,3742188,71.9000015258789,72.38999938964844,71.16000366210938
130,70.55999755859375,3698529,70.97000122070312,71.47000122070312,70.25
131,70.41999816894531,2582172,71.0199966430664,71.12999725341797,70.41999816894531
132,70.62999725341797,2954790,70.61000061035156,71.1500015258789,70.20999908447266
133,72.12000274658203,3169882,71.80000305175781,72.62999725341797,71.5
134,71.7300033569336,2788782,72.0,72.25,71.44000244140625
135,72.7300033569336,3427002,72.0,72.80000305175781,71.4000015258789
136,72.63999938964844,3339604,73.06999969482422,73.44999694824219,72.08999633789062
137,72.5999984741211,3329439,72.77999877929688,73.0199966430664,72.20999908447266
138,71.98999786376953,1506664,72.20999908447266,72.3499984741211,71.55000305175781
139,74.43000030517578,3172653,72.77999877929688,74.43000030517578,72.33999633789062
140,74.12999725341797,2723772,74.30000305175781,74.72000122070312,73.56999969482422
141,73.73999786376953,2494631,73.76000213623047,73.95999908447266,73.18000030517578
142,72.86000061035156,2473039,73.19999694824219,73.63999938964844,72.75
143,72.48999786376953,1905993,72.8499984741211,73.27999877929688,72.2699966430664
144,72.20999908447266,1907858,72.81999969482422,73.05000305175781,72.12999725341797
145,73.01000213623047,4074211,72.80000305175781,73.91000366210938,72.54000091552734
146,73.22000122070312,2916496,73.30000305175781,73.87000274658203,73.02999877929688
147,71.19999694824219,4787087,72.5999984741211,72.66999816894531,71.02999877929688
148,69.93000030517578,3299430,70.41000366210938,70.51000213623047,69.12999725341797
149,71.5,4177168,71.30000305175781,72.25,71.16999816894531
150,71.69999694824219,2914726,70.30999755859375,71.7699966430664,69.66999816894531
151,71.70999908447266,2237150,72.0,72.23999786376953,71.1500015258789
152,71.5199966430664,2499015,71.20999908447266,71.6500015258789,71.0199966430664
153,73.9800033569336,3363578,72.0999984741211,74.12000274658203,72.05999755859375
154,74.69999694824219,4249396,74.0,76.02999877929688,73.91000366210938
155,74.33999633789062,4403812,75.97000122070312,76.75,73.94999694824219
156,72.43000030517578,5960634,74.98999786376953,75.16999816894531,72.12999725341797
157,71.76000213623047,4061418,72.43000030517578,72.87000274658203,71.2699966430664
158,70.76000213623047,3329741,71.0999984741211,71.44999694824219,70.6500015258789
159,70.4800033569336,4601033,70.80000305175781,71.23999786376953,70.02999877929688
160,71.04000091552734,3711730,69.51000213623047,71.05999755859375,69.51000213623047
161,70.26000213623047,4527699,69.8499984741211,70.66999816894531,69.8499984741211
162,69.62999725341797,4129176,70.5,71.1500015258789,69.62999725341797
163,68.94999694824219,2682292,69.58000183105469,69.62999725341797,68.8499984741211
164,70.44999694824219,3548162,70.0,70.77999877929688,69.5999984741211
165,69.6500015258789,2667332,69.81999969482422,69.87000274658203,68.80000305175781
166,69.06999969482422,3089720,69.6500015258789,69.83000183105469,68.9000015258789
167,69.08999633789062,3290137,69.31999969482422,69.68000030517578,68.81999969482422
168,68.27999877929688,2630027,68.8499984741211,69.16000366210938,68.27999877929688
169,66.79000091552734,4125905,67.51000213623047,67.72000122070312,66.41999816894531
170,67.61000061035156,2427562,66.95999908447266,67.91999816894531,66.9000015258789
171,68.18000030517578,2379411,68.25,68.5999984741211,68.0199966430664
172,66.7300033569336,2884072,67.12999725341797,67.44000244140625,66.66999816894531
173,67.37000274658203,2350246,66.37000274658203,67.9000015258789,66.06999969482422
174,68.48999786376953,2062956,67.87000274658203,68.48999786376953,67.56999969482422
175,66.79000091552734,3026643,66.5999984741211,66.9800033569336,66.33000183105469
176,66.72000122070312,2969184,67.87999725341797,67.87999725341797,66.29000091552734
177,65.80000305175781,2996930,66.0,66.26000213623047,65.80000305175781
178,66.16999816894531,1944822,66.19000244140625,66.58999633789062,65.80000305175781
179,65.02999877929688,3757071,66.0,66.16000366210938,65.0
180,65.69999694824219,3905800,65.5999984741211,65.83000183105469,65.01000213623047
181,65.0,3934061,65.37000274658203,65.7699966430664,65.0
182,64.37000274658203,6395277,65.11000061035156,65.25,64.37000274658203
183,63.5,4649205,64.30000305175781,64.3499984741211,63.310001373291016
184,63.06999969482422,3671667,63.0,63.27999877929688,62.63999938964844
185,64.2699966430664,3572552,63.4900016784668,64.47000122070312,63.34999847412109
186,64.19999694824219,2762068,63.47999954223633,64.43000030517578,63.0
187,66.12999725341797,4021873,65.48999786376953,66.77999877929688,65.25
188,65.48999786376953,2440377,66.5,66.63999938964844,65.04000091552734
189,65.0199966430664,1979376,65.88999938964844,66.04000091552734,64.9000015258789
190,63.61000061035156,4612677,64.05999755859375,64.52999877929688,63.59000015258789
191,64.04000091552734,2109305,63.90999984741211,64.54000091552734,63.77999877929688
192,63.720001220703125,2525561,63.91999816894531,64.25,63.560001373291016
193,65.98999786376953,1961004,64.70999908447266,65.98999786376953,64.56999969482422
194,66.1500015258789,2227080,66.29000091552734,66.43000030517578,65.37000274658203
195,67.56999969482422,3011826,66.16999816894531,67.61000061035156,66.16000366210938
196,68.11000061035156,3174818,68.25,68.37999725341797,67.61000061035156
197,67.70999908447266,2430743,68.5,68.55000305175781,67.70999908447266
198,68.61000061035156,2140654,67.69000244140625,68.62000274658203,67.47000122070312
199,69.37999725341797,3234295,69.56999969482422,70.66000366210938,69.13999938964844
200,68.66999816894531,2158016,68.91000366210938,69.33000183105469,68.56999969482422
201,69.27999877929688,2461648,68.62000274658203,69.72000122070312,68.33000183105469
202,69.23999786376953,2994507,69.0,69.6500015258789,68.93000030517578
203,70.01000213623047,1711635,69.8499984741211,70.25,69.5199966430664
204,69.13999938964844,3276870,70.01000213623047,70.44999694824219,69.0199966430664
205,69.66999816894531,3012271,69.20999908447266,69.81999969482422,69.08000183105469
206,69.33000183105469,2607989,69.01000213623047,69.45999908447266,68.66000366210938
207,69.9000015258789,2327154,69.62000274658203,69.91000366210938,68.95999908447266
208,69.70999908447266,1509835,69.94999694824219,70.0999984741211,69.5
209,68.75,2139783,69.0999984741211,69.37999725341797,68.30999755859375
210,68.44999694824219,2260344,68.0199966430664,68.79000091552734,67.66000366210938
211,68.13999938964844,2736317,68.1500015258789,68.66999816894531,67.75
212,69.0199966430664,3779713,68.1500015258789,69.62999725341797,68.04000091552734
213,68.87000274658203,3410760,69.68000030517578,69.69999694824219,66.04000091552734
214,69.81999969482422,4195170,69.06999969482422,70.44999694824219,68.9800033569336
215,68.41000366210938,2725022,69.5,69.72000122070312,67.87000274658203
216,69.66999816894531,3856662,68.38999938964844,69.66999816894531,68.30999755859375
217,69.79000091552734,2084788,70.0,70.25,69.26000213623047
218,70.30999755859375,2365509,69.87000274658203,70.58000183105469,69.80000305175781
219,72.4000015258789,6300671,72.0,73.13999938964844,71.31999969482422
220,74.4000015258789,5151533,72.94999694824219,74.44000244140625,72.66000366210938
221,73.06999969482422,3365097,74.4000015258789,74.5999984741211,72.87000274658203
222,73.13999938964844,2805108,72.80000305175781,73.41999816894531,72.52999877929688
223,74.48999786376953,350619,74.0,74.55999755859375,73.79000091552734
224,75.38999938964844,4312323,74.6500015258789,75.45999908447266,74.5999984741211
225,77.55000305175781,3979413,75.45999908447266,77.55000305175781,75.44000244140625
226,78.87000274658203,4383570,78.0,78.87000274658203,77.18000030517578
227,80.0,6969228,78.77999877929688,80.0,78.0999984741211
228,79.5999984741211,1945889,79.79000091552734,80.05000305175781,79.2699966430664
229,81.16000366210938,2684006,80.01000213623047,81.52999877929688,79.94999694824219
230,82.37000274658203,3687505,82.4000015258789,83.3499984741211,82.03500366210938
231,81.08999633789062,2020361,81.9000015258789,81.98999786376953,81.08999633789062
232,80.70999908447266,2403041,81.0,81.69000244140625,80.5199966430664
233,79.06999969482422,4762676,80.6500015258789,81.25,79.06999969482422
234,80.25,2463844,79.01000213623047,80.62999725341797,78.79000091552734
235,80.0999984741211,3014706,80.33000183105469,80.38999938964844,79.3499984741211
236,79.55999755859375,1879664,80.0,80.0999984741211,79.4800033569336
237,80.18000030517578,2250549,79.80000305175781,80.62000274658203,79.66999816894531
238,80.73999786376953,2093503,80.5,80.79499816894531,80.05000305175781
239,81.80999755859375,3903389,80.37999725341797,81.80999755859375,80.0
240,83.18000030517578,4244217,82.0,83.5999984741211,81.83999633789062
241,83.08999633789062,5242972,83.55000305175781,84.2699966430664,82.88999938964844
242,82.38999938964844,2534051,82.9000015258789,83.05000305175781,82.16999816894531
243,83.91999816894531,2641931,82.5,84.54000091552734,82.5
244,83.06999969482422,2858544,84.30000305175781,84.45999908447266,82.80999755859375
245,83.8499984741211,2037896,83.12999725341797,84.68000030517578,83.12999725341797
246,84.72000122070312,4344206,84.58999633789062,84.83999633789062,84.0999984741211
247,83.16000366210938,8380263,84.4000015258789,84.44999694824219,83.16000366210938
248,83.0,1607940,83.12000274658203,83.51000213623047,82.33999633789062
249,82.41999816894531,1995338,82.75,83.63999938964844,82.18000030517578
250,83.18000030517578,1402217,82.79000091552734,83.36000061035156,82.5999984741211
251,83.1500015258789,883611,83.97000122070312,84.5,83.1500015258789
252,84.01000213623047,1165218,83.80000305175781,84.41999816894531,83.80000305175781
253,83.58999633789062,1340818,83.55000305175781,83.80000305175781,83.08999633789062
254,82.11000061035156,1120867,83.4000015258789,83.83000183105469,82.11000061035156
255,83.75,1414844,82.2300033569336,83.91999816894531,82.16999816894531
256,83.2300033569336,1809541,83.0,83.26000213623047,82.48500061035156
257,82.9000015258789,2252786,82.69000244140625,83.3499984741211,82.27999877929688
258,84.58000183105469,3011086,84.37999725341797,85.18000030517578,83.69999694824219
259,85.62999725341797,2446079,84.98999786376953,85.62999725341797,84.79499816894531
260,85.16000366210938,1840016,85.4000015258789,85.62999725341797,84.94000244140625
261,85.87999725341797,1940939,85.48999786376953,86.26000213623047,85.27999877929688
262,85.97000122070312,1887641,85.4000015258789,86.0999984741211,85.11000061035156
263,86.33000183105469,2524347,85.5,86.4000015258789,85.4000015258789
264,85.37999725341797,2866714,86.0999984741211,86.47000122070312,85.25
265,84.66999816894531,1469159,85.0999984741211,85.34500122070312,84.16000366210938
266,85.11000061035156,2049672,85.0,85.61000061035156,84.91000366210938
267,84.37000274658203,1663224,85.11000061035156,85.19000244140625,84.25
268,85.31999969482422,2358103,85.02999877929688,85.4800033569336,84.51000213623047
269,85.08999633789062,4575426,85.0,85.31999969482422,84.80999755859375
270,85.2699966430664,1361881,85.11000061035156,85.73999786376953,84.80000305175781
271,86.5999984741211,2843239,86.05999755859375,86.91999816894531,85.86000061035156
272,85.13999938964844,3455937,85.30999755859375,85.45999908447266,83.9000015258789
273,83.51000213623047,4486404,85.98999786376953,86.08999633789062,83.37999725341797
274,84.68000030517578,2604306,83.0,84.68000030517578,82.0199966430664
275,86.58999633789062,2678902,85.62000274658203,86.97000122070312,85.3499984741211
276,87.58999633789062,2455634,87.20999908447266,88.4800033569336,87.12000274658203
277,87.05999755859375,2315913,87.87000274658203,88.12999725341797,86.76000213623047
278,88.63999938964844,2242933,88.19999694824219,88.88999938964844,87.8499984741211
279,88.62000274658203,1820303,88.80000305175781,89.19999694824219,88.5999984741211
280,87.41999816894531,1882826,88.37999725341797,88.70999908447266,87.04000091552734
281,86.12000274658203,3228687,88.0,88.47000122070312,85.7699966430664
282,87.05000305175781,2322335,85.94000244140625,87.19000244140625,85.25
283,86.87000274658203,2235993,87.0,87.7300033569336,86.3499984741211
284,86.58999633789062,2396310,87.0999984741211,87.19999694824219,86.3499984741211
285,85.91000366210938,4133771,85.16000366210938,85.91000366210938,84.88999938964844
286,84.27999877929688,2340499,85.4000015258789,85.73500061035156,84.04000091552734
287,83.62000274658203,3373355,84.08000183105469,84.2699966430664,82.80000305175781
288,82.51000213623047,4206236,83.0999984741211,83.56999969482422,81.6500015258789
289,81.9000015258789,2071470,82.51000213623047,82.55000305175781,81.72000122070312
290,83.29000091552734,2047232,81.94000244140625,83.4000015258789,81.5999984741211
291,82.77999877929688,1709865,83.2699966430664,83.55000305175781,82.30999755859375
292,83.69999694824219,2379912,83.5199966430664,84.16000366210938,83.31999969482422
293,81.55999755859375,3900672,82.63999938964844,83.66000366210938,81.55999755859375
294,84.11000061035156,2483224,81.9000015258789,84.13999938964844,81.79000091552734
295,84.48999786376953,2100089,84.61000061035156,85.2699966430664,84.37000274658203
296,85.4000015258789,2216522,84.25,85.4000015258789,84.25
297,86.37999725341797,3528772,85.70999908447266,86.37999725341797,84.80999755859375
298,86.44999694824219,3125494,86.4000015258789,86.80000305175781,85.52999877929688
299,87.31999969482422,2592114,87.83000183105469,88.66000366210938,87.23999786376953
300,87.88999938964844,2381197,88.44999694824219,88.98999786376953,87.66999816894531
301,86.72000122070312,2059023,87.98999786376953,88.0,86.72000122070312
302,86.44999694824219,2295069,87.81999969482422,87.87999725341797,85.7699966430664
303,86.48999786376953,1436474,86.56999969482422,86.9800033569336,86.16999816894531
304,86.4000015258789,1984298,86.51000213623047,86.98999786376953,85.76000213623047
305,87.18000030517578,2770885,86.58999633789062,87.72000122070312,86.51000213623047
306,87.11000061035156,2412813,86.93000030517578,87.87999725341797,86.4000015258789
307,85.75,4351783,86.91999816894531,86.99500274658203,85.51000213623047
308,84.70999908447266,9528922,85.5,85.79000091552734,84.4000015258789
309,85.08000183105469,1718564,84.69999694824219,85.36000061035156,83.94499969482422
310,84.7699966430664,1668194,84.22000122070312,85.36499786376953,84.19999694824219
311,86.37000274658203,2100578,85.05000305175781,86.47000122070312,84.70999908447266
312,86.54000091552734,2145117,86.19000244140625,86.9800033569336,85.79000091552734
313,86.0,2506871,86.81999969482422,87.05999755859375,85.93000030517578
314,85.56999969482422,1559267,86.16999816894531,86.5999984741211,85.47000122070312
315,85.4000015258789,1725824,85.66000366210938,86.41999816894531,85.12999725341797
316,86.0999984741211,3266727,86.01000213623047,87.13999938964844,85.80000305175781
317,86.20999908447266,1828365,85.94999694824219,86.37000274658203,85.52999877929688
318,86.02999877929688,2032271,86.94999694824219,86.94999694824219,86.02999877929688
319,86.52999877929688,1941057,86.05999755859375,86.7300033569336,85.7300033569336
320,87.12000274658203,2641603,86.9000015258789,87.86499786376953,86.73999786376953
321,87.12999725341797,1644070,87.19999694824219,87.48999786376953,86.44000244140625
322,86.72000122070312,1568333,87.11000061035156,87.44999694824219,86.44999694824219
323,87.19000244140625,1578334,86.6500015258789,87.47000122070312,86.62999725341797
324,87.80000305175781,2014595,87.25,87.9000015258789,87.02999877929688
325,87.91000366210938,1921598,88.0,88.0,87.1500015258789
326,87.98999786376953,2825845,87.68000030517578,88.01000213623047,87.44999694824219
327,88.83999633789062,2140964,88.48999786376953,89.08000183105469,88.12000274658203
328,87.73999786376953,1835450,88.69000244140625,88.83000183105469,87.56999969482422
329,88.16999816894531,2770888,87.05000305175781,88.30999755859375,86.9000015258789
330,89.13999938964844,2948752,88.56999969482422,89.13999938964844,88.30999755859375
331,89.38999938964844,1616978,88.94000244140625,89.38999938964844,88.75
332,89.05000305175781,1226856,89.75,89.98999786376953,88.97000122070312
333,89.33000183105469,1836324,89.0,89.45999908447266,88.4000015258789
334,90.20999908447266,2462101,89.51000213623047,90.58999633789062,89.5
335,90.0,1635378,90.5999984741211,90.80999755859376,89.88999938964844
336,89.04000091552734,2702298,89.77999877929688,89.77999877929688,88.81999969482422
337,89.69999694824219,1772294,89.47000122070312,89.98999786376953,89.20999908447266
338,90.4499969482422,1980156,89.94000244140625,90.6500015258789,89.55999755859375
339,92.72000122070312,3096594,92.51000213623048,92.72000122070312,91.55999755859376
340,92.94000244140624,3482352,93.0,93.0999984741211,91.97000122070312
341,93.91999816894533,3055557,93.0,94.0999984741211,92.5999984741211
342,95.1500015258789,1951229,93.9000015258789,95.18000030517578,93.8000030517578
343,94.58000183105467,2280046,95.0,95.5,94.25
344,95.56999969482422,3398755,94.0,95.56999969482422,93.8499984741211
345,95.9800033569336,2460516,95.43000030517578,96.5,94.81999969482422
346,96.58000183105467,2110994,97.25,97.37999725341795,96.41000366210938
347,97.79000091552734,1931159,96.98999786376952,98.4000015258789,96.91000366210938
348,97.76000213623048,1910587,98.3499984741211,98.84500122070312,97.76000213623048
349,95.31999969482422,2971615,96.69000244140624,97.0,95.0999984741211
350,98.4000015258789,3276187,96.08999633789062,98.4800033569336,95.86000061035156
351,98.0500030517578,4462981,97.98999786376952,98.56999969482422,97.56999969482422
352,98.76000213623048,1693358,98.0,99.16000366210938,97.6500015258789
353,99.62999725341795,1526334,98.87000274658205,99.6500015258789,98.5999984741211
354,99.58000183105467,1976479,99.25,100.1999969482422,99.25
355,98.97000122070312,3488494,99.6500015258789,100.08000183105467,98.73999786376952
356,100.55999755859376,2803414,99.08999633789062,100.55999755859376,98.81999969482422
357,99.72000122070312,2196204,100.72000122070312,101.5,99.6500015258789
358,99.45999908447266,1231266,99.37000274658205,99.81999969482422,98.83999633789062
359,100.33000183105467,1992987,100.0,100.41999816894533,99.30999755859376
360,101.20999908447266,1880601,100.5,101.8499984741211,100.38999938964844
361,102.5199966430664,2392986,101.73999786376952,102.63999938964844,101.5
362,101.93000030517578,1248446,102.25,102.3000030517578,101.47000122070312
363,101.4800033569336,2202865,101.8499984741211,102.41999816894533,100.70999908447266
364,101.08000183105467,1826370,101.37999725341795,101.91000366210938,100.94000244140624
365,101.8499984741211,1791330,101.0,102.12000274658205,100.7699966430664
366,101.36000061035156,1740852,101.0,101.69499969482422,100.81999969482422
367,103.4499969482422,2296140,101.5,103.72000122070312,101.45999908447266
368,104.81999969482422,2775509,104.01000213623048,104.94000244140624,103.41000366210938
369,105.91000366210938,3930519,105.5,106.56999969482422,105.11000061035156
370,103.69000244140624,8444253,105.3499984741211,105.4000015258789,103.69000244140624
371,98.05999755859376,4770270,101.72000122070312,101.81999969482422,98.05999755859376
372,100.2300033569336,2855988,100.37000274658205,101.1999969482422,99.83999633789062
373,99.1999969482422,2295011,99.87000274658205,100.16999816894533,98.91999816894533
374,98.6500015258789,2322776,99.0,99.18000030517578,98.1999969482422
375,99.26000213623048,2374636,99.97000122070312,99.98999786376952,98.76000213623048
376,99.87000274658205,1711467,99.4499969482422,99.87000274658205,98.3000030517578
377,100.4800033569336,1940208,99.11000061035156,100.5,98.76000213623048
378,99.87000274658205,2267452,100.87999725341795,101.0,99.87000274658205
379,98.6999969482422,2109527,99.8499984741211,100.0,98.5199966430664
380,99.48999786376952,1880758,99.1500015258789,99.5,98.73999786376952
381,99.18000030517578,1210399,99.02999877929688,99.45999908447266,98.72000122070312
382,98.62000274658205,2030654,99.5,99.95999908447266,98.62000274658205
383,99.70999908447266,1879216,98.5,99.70999908447266,98.3499984741211
384,99.48999786376952,1807323,99.36000061035156,100.18000030517578,99.13999938964844
385,98.58999633789062,2720818,98.6500015258789,98.88999938964844,97.70999908447266
386,99.16999816894533,1510229,99.3499984741211,99.48999786376952,98.72000122070312
387,98.38999938964844,2270019,100.0,100.12000274658205,98.33999633789062
388,98.77999877929688,2042014,98.4000015258789,99.0500030517578,97.9499969482422
389,98.30999755859376,2046644,98.98999786376952,99.12999725341795,98.11000061035156
390,98.19000244140624,3147728,98.30999755859376,98.31999969482422,97.61000061035156
391,97.68000030517578,1615348,97.25,97.93000030517578,96.23999786376952
392,97.61000061035156,2194476,96.4000015258789,97.9000015258789,96.02999877929688
393,98.41999816894533,1894365,98.25,98.86000061035156,97.8000030517578
394,99.87999725341795,2039580,98.9800033569336,99.87999725341795,98.93000030517578
395,99.12000274658205,1557685,99.0,99.4000015258789,98.7699966430664
396,99.13999938964844,1408492,99.22000122070312,99.79000091552734,98.8000030517578
397,100.70999908447266,2547943,99.38999938964844,100.77999877929688,99.26499938964844
398,99.3000030517578,2323659,100.02999877929688,100.3499984741211,99.11000061035156
399,99.4499969482422,1744882,99.30999755859376,99.5500030517578,98.91000366210938
400,99.6500015258789,2502824,99.66000366210938,100.16500091552734,99.4499969482422
401,101.66000366210938,2317578,99.88999938964844,102.3499984741211,99.66000366210938
402,101.4499969482422,1639681,101.0199966430664,101.75,101.0199966430664
403,102.2300033569336,1876527,101.5,102.5,101.5
404,103.41000366210938,1995170,102.5,103.6999969482422,102.30999755859376
405,103.75,1917193,103.5,104.22000122070312,103.27999877929688
406,104.94000244140624,1889463,104.76000213623048,105.58000183105467,104.25
407,106.55999755859376,2356568,105.66000366210938,106.55999755859376,105.19000244140624
408,108.16999816894533,3614887,108.75,109.02999877929688,107.12999725341795
409,105.87999725341795,3841214,108.86000061035156,108.91999816894533,105.33999633789062
410,104.02999877929688,3735467,106.0,106.26000213623048,103.62999725341795
411,102.54000091552734,3855925,103.5500030517578,103.62999725341795,102.41999816894533
412,99.0,3990475,100.68000030517578,100.9000015258789,99.0
413,99.7699966430664,3036114,99.48999786376952,100.56999969482422,99.27999877929688
414,99.22000122070312,2242541,99.12000274658205,100.06999969482422,99.0999984741211
415,99.2699966430664,2620966,100.0,100.6999969482422,99.25
416,100.16999816894533,1326874,99.88999938964844,100.16999816894533,99.62000274658205
417,99.91000366210938,1335240,100.51000213623048,100.5999984741211,99.75
418,100.31999969482422,1403418,99.98999786376952,100.83000183105467,99.7699966430664
419,100.98999786376952,1664793,100.63999938964844,101.23999786376952,99.83999633789062
420,101.54000091552734,1907148,100.8499984741211,101.58000183105467,100.4499969482422
421,100.41999816894533,1928907,102.0,102.0999984741211,100.0
422,100.12000274658205,2947816,100.0,100.62999725341795,99.61000061035156
423,101.0,1788312,99.62000274658205,101.0,99.1500015258789
424,101.37000274658205,1887736,101.5,102.0,100.41000366210938
425,101.83999633789062,1604540,101.36000061035156,102.0,101.0199966430664
426,102.16000366210938,1458446,101.30999755859376,102.16000366210938,100.62999725341795
427,102.13999938964844,1332462,102.0,102.48999786376952,101.58000183105467
428,102.91999816894533,2118352,101.58000183105467,103.3000030517578,101.5199966430664
429,100.5500030517578,2468569,102.0500030517578,102.3000030517578,100.08999633789062
430,101.08999633789062,1995586,101.91999816894533,101.98999786376952,100.68000030517578
431,101.3000030517578,1119691,100.77999877929688,101.37000274658205,100.38999938964844
432,101.58000183105467,2114634,100.9000015258789,101.95999908447266,100.11000061035156
433,101.41000366210938,1668541,101.12999725341795,101.79000091552734,100.37999725341795
434,102.8499984741211,3551486,101.98999786376952,102.8499984741211,101.6050033569336
435,102.87999725341795,5172919,102.0999984741211,103.20999908447266,102.0500030517578
436,100.80999755859376,1826955,101.79000091552734,102.2300033569336,100.77999877929688
437,100.33999633789062,1824143,99.93000030517578,100.4800033569336,99.58999633789062
438,99.63999938964844,1814722,99.7300033569336,100.4800033569336,99.51000213623048
439,100.8000030517578,1811104,100.41999816894533,101.2300033569336,100.13999938964844
440,101.6999969482422,1852521,101.5,101.76000213623048,100.8000030517578
441,104.58999633789062,4102986,102.29000091552734,104.94000244140624,102.0
442,104.0,3966023,105.0,105.94000244140624,103.87999725341795
443,102.62000274658205,4789117,103.48999786376952,103.87999725341795,101.8499984741211
444,104.33000183105467,5580253,104.0,104.45999908447266,103.33000183105467
445,100.08000183105467,6047430,102.0,103.06999969482422,99.62000274658205
446,105.16000366210938,10273487,102.76000213623048,105.62999725341795,102.47000122070312
447,105.5,5578795,104.79000091552734,106.2699966430664,104.20999908447266
448,103.41999816894533,8996170,104.5999984741211,104.69000244140624,102.38999938964844
449,103.41000366210938,3551947,103.87000274658205,104.0,102.6999969482422
450,104.4499969482422,8012331,103.6999969482422,104.4499969482422,102.93000030517578
451,104.69000244140624,2335810,104.01000213623048,104.95999908447266,103.5
452,104.88999938964844,3707945,103.6500015258789,105.1999969482422,103.6500015258789
453,103.22000122070312,2906039,104.63999938964844,104.88999938964844,103.04000091552734
454,101.91000366210938,2358452,103.41000366210938,103.44000244140624,101.91000366210938
455,102.27999877929688,1712117,102.2699966430664,102.4499969482422,101.5199966430664
456,103.94000244140624,2328844,102.5500030517578,104.1500015258789,102.5500030517578
457,103.88999938964844,1590707,103.94000244140624,104.4499969482422,103.62000274658205
458,105.02999877929688,2504461,104.36000061035156,105.18000030517578,104.1500015258789
459,104.9499969482422,2364710,105.02999877929688,105.27999877929688,104.55999755859376
460,104.87999725341795,2794987,104.51000213623048,104.97000122070312,103.93000030517578
461,105.45999908447266,1352099,105.0,105.93000030517578,104.9800033569336
462,105.0999984741211,1398841,105.5500030517578,106.0,104.9800033569336
463,106.0999984741211,1831998,105.04000091552734,106.11000061035156,104.87999725341795
464,106.86000061035156,2271484,105.98999786376952,106.86000061035156,105.56999969482422
465,104.68000030517578,3024922,107.0,107.1999969482422,104.16999816894533
466,106.29000091552734,2767296,105.68000030517578,106.4000015258789,104.75
467,105.76000213623048,1628086,106.31999969482422,106.5500030517578,105.06999969482422
468,107.0,1829800,106.5199966430664,107.26000213623048,106.12999725341795
469,108.5,1833682,107.25,108.5,107.1999969482422
470,109.70999908447266,2419455,108.5,109.9499969482422,108.48999786376952
471,110.12999725341795,1514479,110.0,110.19000244140624,109.2699966430664
472,108.80999755859376,1589464,109.8499984741211,109.8499984741211,108.7300033569336
473,108.91000366210938,1474499,109.0,109.94000244140624,108.66999816894533
474,107.16999816894533,2093965,109.01000213623048,109.18000030517578,106.43000030517578
475,108.12000274658205,1646144,107.30999755859376,108.4000015258789,106.6999969482422
476,108.01000213623048,1515787,108.02999877929688,108.11000061035156,107.4000015258789
477,107.68000030517578,2426125,107.5,107.97000122070312,107.05999755859376
478,98.98999786376952,8337211,103.3000030517578,103.3000030517578,98.62999725341795
479,97.45999908447266,5120941,99.0,99.12999725341795,97.45999908447266
480,97.80999755859376,3532584,97.7300033569336,98.70999908447266,97.5
481,95.8000030517578,2513854,97.81999969482422,97.98999786376952,95.6500015258789
482,96.81999969482422,2387557,96.1500015258789,97.36499786376952,96.1500015258789
483,97.18000030517578,2809339,97.1999969482422,98.33000183105467,96.51000213623048
484,95.7699966430664,2580435,96.87000274658205,97.05999755859376,95.66999816894533
485,94.80999755859376,3048649,95.8000030517578,96.36000061035156,94.22000122070312
486,93.77999877929688,3307834,93.37000274658205,94.58000183105467,92.6999969482422
487,93.18000030517578,6085030,94.55999755859376,94.98999786376952,93.16000366210938
488,93.87999725341795,2498623,92.5999984741211,94.04000091552734,92.37999725341795
489,95.9000015258789,2980988,93.0,96.04000091552734,93.0
490,96.61000061035156,2664935,96.51000213623048,96.93000030517578,95.63999938964844
491,97.23999786376952,2142812,96.62000274658205,97.69000244140624,96.19000244140624
492,97.62999725341795,1866694,98.0,98.2300033569336,96.76000213623048
493,97.9499969482422,2474246,98.26000213623048,98.91999816894533,97.01000213623048
494,98.16000366210938,1745841,98.12000274658205,98.56999969482422,97.52999877929688
495,97.9000015258789,1710318,97.8000030517578,98.55999755859376,97.55999755859376
496,98.02999877929688,1772633,98.3000030517578,99.27999877929688,97.73999786376952
497,97.54000091552734,1888180,97.02999877929688,98.38999938964844,96.8499984741211
498,96.93000030517578,1829146,97.37999725341795,98.0,96.51000213623048
499,96.79000091552734,2773830,96.68000030517578,97.36499786376952,96.29000091552734
500,99.12000274658205,7120915,97.16999816894533,99.4800033569336,97.0500030517578
501,99.1999969482422,1714077,98.6500015258789,99.1999969482422,98.02999877929688
502,99.58999633789062,1828187,99.54000091552734,100.0,99.0
503,99.77999877929688,1653355,99.8000030517578,99.91500091552734,99.20999908447266
504,100.11000061035156,992730,100.0,100.58999633789062,99.76000213623048
505,100.62999725341795,888168,100.58000183105467,101.13999938964844,100.58000183105467
506,101.9000015258789,1548336,101.41999816894533,102.37000274658205,101.37000274658205
507,102.2699966430664,1015385,102.0,102.58000183105467,101.70999908447266
508,101.0,1198104,102.2699966430664,102.66500091552734,101.0
509,102.51000213623048,2195465,102.0,102.81999969482422,101.3000030517578
510,103.1999969482422,2086996,103.27999877929688,103.4800033569336,102.62000274658205
511,99.97000122070312,2603548,102.8000030517578,103.12999725341795,99.77999877929688
512,102.6500015258789,2596039,101.98999786376952,102.87000274658205,101.88999938964844
513,103.31999969482422,1467407,102.87000274658205,103.31999969482422,102.08000183105467
514,101.76000213623048,2346000,102.5199966430664,102.88999938964844,100.62000274658205
515,101.58000183105467,1557284,102.1500015258789,102.4800033569336,100.81999969482422
516,102.12000274658205,1639007,101.9000015258789,102.44000244140624,101.69000244140624
517,100.8499984741211,2155504,101.76000213623048,102.6500015258789,100.5
518,101.16000366210938,1467142,101.8499984741211,101.8499984741211,100.80999755859376
519,100.79000091552734,1264465,101.0,101.2300033569336,100.5999984741211
520,99.33000183105467,2638102,100.38999938964844,100.62999725341795,98.83000183105467
521,98.61000061035156,2895501,98.13999938964844,99.0500030517578,97.6500015258789
522,97.37000274658205,3593016,97.80999755859376,98.30999755859376,97.01000213623048
523,97.44000244140624,1889354,97.0,98.06999969482422,96.6999969482422
524,95.4499969482422,5802823,96.70999908447266,97.1500015258789,93.87000274658205
525,93.77999877929688,5359270,96.0500030517578,97.81999969482422,93.01000213623048
526,95.66999816894533,13796397,94.76000213623048,96.01000213623048,92.37000274658205
527,93.73999786376952,3146452,95.01000213623048,95.2300033569336,93.73999786376952
528,93.93000030517578,2611835,94.1500015258789,94.98999786376952,93.22000122070312
529,94.73999786376952,2078320,94.5,95.06999969482422,94.22000122070312
530,93.44000244140624,3331673,93.5,94.88999938964844,92.61000061035156
531,94.0999984741211,3237852,92.94000244140624,94.0999984741211,92.81999969482422
532,94.0,3137168,93.4000015258789,94.20999908447266,92.44000244140624
533,94.3000030517578,2890934,93.06999969482422,94.62999725341795,92.9499969482422
534,99.55999755859376,5436704,99.01000213623048,99.88999938964844,97.91000366210938
535,100.77999877929688,4167883,100.0,100.77999877929688,98.63999938964844
536,98.5500030517578,3457229,99.41999816894533,100.18000030517578,98.33000183105467
537,100.04000091552734,2578374,98.3000030517578,100.51000213623048,98.1999969482422
538,99.48999786376952,2667416,99.08000183105467,100.3499984741211,98.93000030517578
539,98.56999969482422,3647780,98.41000366210938,98.81999969482422,97.54000091552734
540,98.80999755859376,2591681,98.58999633789062,99.30999755859376,98.13999938964844
541,97.75,2361575,98.0,98.58000183105467,97.41000366210938
542,98.08999633789062,1968627,96.9499969482422,98.33999633789062,96.23999786376952
543,96.04000091552734,2688137,96.36000061035156,96.83000183105467,95.0500030517578
544,96.69000244140624,2267917,96.04000091552734,96.9499969482422,95.80999755859376
545,94.70999908447266,3504427,95.91999816894533,96.22000122070312,94.44000244140624
546,93.87999725341795,4902678,95.62000274658205,95.9000015258789,93.52999877929688
547,93.45999908447266,10046963,94.27999877929688,94.94000244140624,92.54000091552734
548,94.81999969482422,2320712,94.01000213623048,96.23500061035156,93.88999938964844
549,94.6999969482422,3049670,92.58999633789062,95.1999969482422,92.58999633789062
550,94.51000213623048,4427098,95.26000213623048,95.4499969482422,94.13999938964844
551,94.5999984741211,3169612,94.8000030517578,95.0500030517578,93.45999908447266
552,94.63999938964844,3315111,94.25,94.8499984741211,93.6500015258789
553,95.58999633789062,3711886,94.5999984741211,96.23999786376952,94.41000366210938
554,97.41000366210938,2627749,95.25,97.79000091552734,94.87999725341795
555,99.73999786376952,3458497,98.25,99.91999816894533,98.0999984741211
556,99.37999725341795,3634352,98.70999908447266,100.1050033569336,98.62999725341795
557,102.0,3220955,100.33000183105467,102.08000183105467,100.0999984741211
558,103.77999877929688,3188234,102.5500030517578,103.8000030517578,102.3000030517578
559,104.76000213623048,2869840,104.30999755859376,104.79000091552734,103.7300033569336
560,106.1500015258789,3996962,107.0,107.0,105.27999877929688
561,106.29000091552734,6310578,105.73999786376952,106.29000091552734,105.0999984741211
562,105.6999969482422,2217058,106.29000091552734,107.3499984741211,105.6999969482422
563,106.06999969482422,1773598,106.9000015258789,107.3000030517578,106.06999969482422
564,107.4499969482422,1705322,106.62999725341795,107.45999908447266,106.43000030517578
565,107.3499984741211,1676029,106.3499984741211,107.3499984741211,106.25
566,105.91999816894533,2925283,107.29000091552734,107.7699966430664,105.91999816894533
567,106.13999938964844,1280146,106.9800033569336,107.04000091552734,106.0
568,106.37000274658205,1579916,106.4499969482422,107.0999984741211,106.2699966430664
569,107.06999969482422,1735594,106.9800033569336,107.54000091552734,106.48999786376952
570,105.7699966430664,3259035,107.1999969482422,107.33999633789062,105.7699966430664
571,104.52999877929688,2047994,105.7699966430664,106.12999725341795,104.5199966430664
572,103.72000122070312,1542723,104.79000091552734,105.23999786376952,103.72000122070312
573,104.36000061035156,1304088,104.06999969482422,104.8499984741211,103.83999633789062
574,105.70999908447266,1879653,104.04000091552734,105.79000091552734,103.76000213623048
575,105.23999786376952,1347251,105.0199966430664,105.55999755859376,104.63999938964844
576,105.37999725341795,1740982,105.6500015258789,105.6999969482422,104.9000015258789
577,106.87999725341795,1515505,105.8000030517578,107.12000274658205,105.75
578,106.70999908447266,1334658,106.79000091552734,107.08000183105467,106.0
579,106.5500030517578,1479813,106.5500030517578,106.9000015258789,106.08000183105467
580,106.5,1393778,105.91000366210938,107.1050033569336,105.83000183105467
581,107.01000213623048,1758577,106.80999755859376,107.37000274658205,106.41999816894533
582,107.23999786376952,1834918,107.51000213623048,108.0500030517578,106.86000061035156
583,108.3499984741211,1872803,108.0,108.38999938964844,107.41000366210938
584,105.37000274658205,3289367,108.0,108.0999984741211,105.37000274658205
585,104.75,2387922,103.01000213623048,105.25499725341795,102.5500030517578
586,103.0,1758440,103.68000030517578,103.87000274658205,102.55999755859376
587,103.2300033569336,1607790,104.08999633789062,104.37000274658205,102.62999725341795
588,103.87999725341795,2251074,103.8000030517578,104.19000244140624,103.37999725341795
589,102.97000122070312,1289117,103.0999984741211,103.3499984741211,102.2699966430664
590,102.26000213623048,1229690,102.25,102.97000122070312,101.56999969482422
591,102.9800033569336,1490166,103.1999969482422,103.4800033569336,101.7699966430664
592,103.70999908447266,1778171,102.9800033569336,104.06999969482422,102.4000015258789
593,102.4000015258789,2436089,102.63999938964844,102.63999938964844,101.55999755859376
594,102.66000366210938,1449093,102.27999877929688,102.79000091552734,101.80999755859376
595,101.6999969482422,2909325,101.8000030517578,102.29000091552734,100.5500030517578
596,101.51000213623048,1696686,101.61000061035156,102.44000244140624,100.97000122070312
597,102.1500015258789,2911126,100.6500015258789,102.91999816894533,100.26000213623048
598,102.27999877929688,2897483,102.41999816894533,102.55999755859376,101.51499938964844
599,103.33000183105467,1696160,103.0,103.7300033569336,102.4000015258789
600,105.12000274658205,2147425,103.97000122070312,105.37000274658205,103.66999816894533
601,104.8000030517578,2073911,105.4000015258789,105.52999877929688,103.93499755859376
602,103.8000030517578,3044524,103.51000213623048,104.1500015258789,103.25
603,104.5999984741211,2869553,104.0,105.12999725341795,103.63999938964844
604,104.5,1476420,105.26000213623048,105.4000015258789,103.83000183105467
605,105.08999633789062,1765212,104.1500015258789,105.94000244140624,104.1500015258789
606,106.16999816894533,2405961,105.6999969482422,107.25,105.5199966430664
607,105.43000030517578,1894406,106.45999908447266,107.25,105.31999969482422
608,106.62999725341795,1461568,106.80999755859376,107.0,106.16000366210938
609,106.55999755859376,1894069,107.0,107.08000183105467,106.18000030517578
610,104.36000061035156,4192211,106.29000091552734,106.54000091552734,104.36000061035156
611,106.70999908447266,2044084,105.0,106.70999908447266,105.0
612,105.44000244140624,1545595,105.66000366210938,105.76000213623048,104.76000213623048
613,105.1999969482422,1671897,106.20999908447266,106.4000015258789,104.69000244140624
614,104.68000030517578,1061366,105.0999984741211,105.33999633789062,104.44000244140624
615,101.95999908447266,2301490,104.0999984741211,104.30999755859376,101.83000183105467
616,97.47000122070312,4931040,102.4000015258789,102.9000015258789,97.47000122070312
617,94.9499969482422,6983162,96.0,96.30999755859376,92.6999969482422
618,93.77999877929688,4520476,94.3000030517578,96.9000015258789,93.6999969482422
619,91.1999969482422,6989032,89.69999694824219,91.1999969482422,88.44000244140625
620,90.62000274658205,4460665,90.5,91.91000366210938,89.94000244140625
621,90.47000122070312,5203139,92.29000091552734,92.87000274658205,90.0
622,87.26000213623047,9136594,88.25,88.44999694824219,86.9800033569336
623,87.55000305175781,3499314,87.80000305175781,89.37000274658203,87.41999816894531
624,89.66999816894531,2458551,88.37999725341797,89.69000244140625,87.9800033569336
625,89.56999969482422,3340800,90.79000091552734,90.91999816894533,89.12000274658203
626,89.75,3006090,89.61000061035156,90.54000091552734,89.4800033569336
627,90.16000366210938,2760719,89.3499984741211,90.3499984741211,88.79000091552734
628,93.73999786376952,2891382,91.98999786376952,93.8000030517578,91.45999908447266
629,93.54000091552734,2486253,93.98999786376952,94.3000030517578,93.0999984741211
630,93.0,2391929,93.3000030517578,93.5,92.2300033569336
631,90.37999725341795,3821949,92.4000015258789,92.41000366210938,90.37999725341795
632,90.6999969482422,2828357,90.97000122070312,91.51000213623048,90.20999908447266
633,91.4499969482422,2113007,91.83000183105467,92.41000366210938,91.23999786376952
634,91.2300033569336,1908049,91.12000274658205,92.06999969482422,90.58000183105467
635,92.0,2837673,90.62000274658205,92.46499633789062,90.30999755859376
636,93.08000183105467,2438758,92.23999786376952,93.08000183105467,91.58000183105467
637,92.58999633789062,2405606,94.0,94.0,92.37999725341795
638,92.5500030517578,1505516,93.0,93.7300033569336,92.16000366210938
639,93.62999725341795,2669294,92.9499969482422,93.87999725341795,92.4499969482422
640,94.62999725341795,3038458,93.75,94.62999725341795,93.08999633789062
641,93.22000122070312,2558730,93.54000091552734,94.3499984741211,93.05999755859376
642,93.2699966430664,2727568,92.45999908447266,93.2699966430664,91.3499984741211
643,94.23999786376952,1849349,94.30999755859376,94.38999938964844,92.98999786376952
644,94.9499969482422,1718090,94.37000274658205,94.98999786376952,93.7300033569336
645,96.0199966430664,1775377,96.0,96.36000061035156,95.5
646,97.62000274658205,2660268,96.1999969482422,97.66999816894533,95.44000244140624
647,97.8000030517578,4505354,97.3499984741211,98.37999725341795,96.9000015258789
648,97.06999969482422,1672440,97.87999725341795,97.87999725341795,96.8499984741211
649,96.7300033569336,1269447,97.29000091552734,97.3000030517578,96.43000030517578
650,98.9000015258789,2221207,96.51000213623048,99.37000274658205,96.45999908447266
651,99.88999938964844,3301364,99.4800033569336,100.1999969482422,99.11000061035156
652,100.7699966430664,3122636,100.3000030517578,101.36499786376952,100.0999984741211
653,101.08000183105467,2374671,100.68000030517578,101.08000183105467,99.08999633789062
654,101.97000122070312,1905527,100.98999786376952,102.2699966430664,100.43000030517578
655,100.47000122070312,2021471,101.25,101.3499984741211,100.23999786376952
656,101.8000030517578,1916972,101.06999969482422,101.98999786376952,100.87000274658205
657,101.41000366210938,1551472,101.58999633789062,101.95999908447266,101.12999725341795
658,102.5999984741211,1662514,101.08000183105467,102.88999938964844,101.02999877929688
659,101.27999877929688,2629041,102.19000244140624,102.31999969482422,100.73999786376952
660,101.0,2880434,101.27999877929688,101.6500015258789,100.05999755859376
661,100.8499984741211,2725288,101.4000015258789,102.16000366210938,100.18000030517578
662,100.33999633789062,2721743,100.1500015258789,100.3499984741211,99.45999908447266
663,100.45999908447266,1503959,100.43000030517578,101.05999755859376,100.16000366210938
664,101.45999908447266,1989122,101.0999984741211,101.75,100.5500030517578
665,99.62000274658205,3400334,100.4000015258789,100.45999908447266,99.62000274658205
666,100.98999786376952,2811590,99.97000122070312,101.08999633789062,99.68000030517578
667,99.9499969482422,3405681,101.0500030517578,101.0999984741211,99.5500030517578
668,98.95999908447266,1796830,99.30999755859376,99.8000030517578,98.80999755859376
669,97.0199966430664,2354382,98.5,98.68499755859376,97.0199966430664
670,97.1999969482422,2155170,97.25,98.02999877929688,97.16000366210938
671,97.81999969482422,1706595,97.52999877929688,98.0500030517578,96.6500015258789
672,98.30999755859376,1915332,98.1999969482422,98.6999969482422,97.6500015258789
673,96.27999877929688,2107747,96.52999877929688,96.73999786376952,95.62000274658205
674,96.5500030517578,1833997,96.41000366210938,97.30999755859376,96.31999969482422
675,97.47000122070312,2916918,96.55999755859376,97.47000122070312,96.0500030517578
676,96.0500030517578,3228601,95.87000274658205,96.95999908447266,94.6500015258789
677,96.9499969482422,2183269,96.0999984741211,97.4000015258789,96.05999755859376
678,96.51000213623048,1963119,97.4800033569336,97.4800033569336,95.90499877929688
679,96.11000061035156,1676568,96.22000122070312,96.6500015258789,96.11000061035156
680,94.0999984741211,2876328,96.01000213623048,96.5749969482422,94.0500030517578
681,95.20999908447266,2701707,94.66999816894533,95.66000366210938,93.8499984741211
682,95.52999877929688,3030132,95.7699966430664,97.29000091552734,94.33999633789062
683,96.27999877929688,1596321,96.0,96.6999969482422,95.62999725341795
684,97.94000244140624,2343197,97.0,98.08000183105467,96.73999786376952
685,94.45999908447266,2958659,95.62999725341795,95.68000030517578,94.43000030517578
686,95.05999755859376,3364419,94.8499984741211,95.33999633789062,94.66000366210938
687,94.2300033569336,5980478,94.5500030517578,95.27999877929688,94.04499816894533
688,94.66000366210938,1474030,94.25,95.02999877929688,94.25
689,96.52999877929688,2389248,95.9499969482422,96.8000030517578,95.66000366210938
690,95.4499969482422,1946963,96.27999877929688,96.27999877929688,95.08000183105467
691,93.63999938964844,2720087,94.5199966430664,94.88999938964844,93.4000015258789
692,93.61000061035156,2274251,92.5999984741211,93.9800033569336,92.27999877929688
693,93.43000030517578,2709362,93.94000244140624,94.33999633789062,92.9749984741211
694,92.54000091552734,2433767,92.5,93.0,91.79000091552734
695,93.12000274658205,2094138,93.83000183105467,94.19000244140624,93.12000274658205
696,90.6999969482422,3741428,93.22000122070312,93.2300033569336,90.26000213623048
697,90.61000061035156,2038034,91.1500015258789,91.37000274658205,89.66000366210938
698,94.79000091552734,3030551,92.0,94.87000274658205,91.88999938964844
699,97.29000091552734,3870008,95.98999786376952,97.5999984741211,95.79000091552734
700,96.87999725341795,2055834,96.5999984741211,97.08000183105467,96.06999969482422
701,96.41999816894533,2455127,94.98999786376952,96.7300033569336,94.88999938964844
702,94.95999908447266,1721714,95.36000061035156,95.5500030517578,94.44000244140624
703,94.0,1981852,95.3000030517578,95.45999908447266,93.83000183105467
704,96.29000091552734,2662711,94.25,96.8499984741211,94.1500015258789
705,98.12999725341795,3321019,97.4000015258789,99.33999633789062,96.95999908447266
706,98.9000015258789,2313393,99.76000213623048,99.9499969482422,98.8499984741211
707,98.08999633789062,1600452,98.7300033569336,98.87999725341795,97.91500091552734
708,99.77999877929688,2472383,99.47000122070312,100.0,98.6500015258789
709,100.4800033569336,2337497,100.3000030517578,100.8000030517578,100.0
710,100.7699966430664,2969685,99.79000091552734,100.84500122070312,99.55999755859376
711,99.27999877929688,3151996,100.0,100.4800033569336,98.37999725341795
712,100.4800033569336,1627347,101.0999984741211,101.18000030517578,99.73999786376952
713,101.77999877929688,1902730,101.5,101.91999816894533,100.69000244140624
714,102.0,1915194,102.0,102.56999969482422,101.5999984741211
715,102.41999816894533,2830132,103.1999969482422,103.5500030517578,99.79000091552734
716,103.22000122070312,2426561,103.18000030517578,103.54000091552734,102.81999969482422
717,104.68000030517578,3084095,104.22000122070312,105.0,103.81500244140624
718,106.0500030517578,2628163,104.75,106.0500030517578,103.81999969482422
719,105.97000122070312,2073713,106.05999755859376,106.8000030517578,105.22000122070312
720,104.5,2143283,104.76000213623048,104.9000015258789,103.95999908447266
721,103.0500030517578,2787631,103.7699966430664,103.98999786376952,102.52999877929688
722,103.08000183105467,1717044,103.9800033569336,103.98999786376952,102.5
723,104.4800033569336,1872728,103.54000091552734,104.83000183105467,103.3000030517578
724,104.7699966430664,1990001,104.5,105.25,103.7699966430664
725,104.04000091552734,2073110,105.43000030517578,105.43000030517578,103.8499984741211
726,105.80999755859376,3384469,106.4000015258789,106.4000015258789,104.97000122070312
727,105.0999984741211,1919104,105.48999786376952,105.48999786376952,103.90499877929688
728,106.4800033569336,2427583,105.8000030517578,107.4499969482422,105.52999877929688
729,104.58000183105467,2941625,105.19000244140624,105.47000122070312,103.41999816894533
730,105.63999938964844,2655083,105.91999816894533,105.91999816894533,105.0
731,105.81999969482422,3028383,105.5500030517578,106.2300033569336,105.16000366210938
732,106.58000183105467,2766456,106.5999984741211,107.125,106.22000122070312
733,107.5,2395517,106.73999786376952,107.87000274658205,106.62999725341795
734,108.06999969482422,1932908,108.0,108.29000091552734,107.73999786376952
735,108.01000213623048,1691775,108.06999969482422,108.31999969482422,107.56999969482422
736,109.1999969482422,2163400,108.1999969482422,109.1999969482422,107.91999816894533
737,108.4800033569336,1928931,108.75,109.05999755859376,108.12999725341795
738,108.08999633789062,1650824,108.26000213623048,108.43000030517578,107.51000213623048
739,107.86000061035156,5911776,108.37999725341795,108.70999908447266,107.43000030517578
740,108.41999816894533,1369948,108.4800033569336,108.98999786376952,108.08000183105467
741,106.9499969482422,3451688,108.4000015258789,108.4000015258789,106.41999816894533
742,106.94000244140624,1433376,107.33000183105467,107.70999908447266,106.9000015258789
743,106.44000244140624,2016506,106.52999877929688,107.75,106.31999969482422
744,105.5500030517578,2903191,105.5500030517578,106.33999633789062,104.56999969482422
745,105.3499984741211,1828854,105.94000244140624,105.98999786376952,104.9000015258789
746,104.9800033569336,2054672,105.3000030517578,105.68000030517578,104.52999877929688
747,105.38999938964844,1353473,105.0,105.4800033569336,104.61000061035156
748,106.44000244140624,2662642,106.33000183105467,107.1999969482422,105.9000015258789
749,106.91999816894533,1959240,106.62000274658205,107.05999755859376,105.83999633789062
750,106.8000030517578,2244376,106.6999969482422,107.69000244140624,106.22000122070312
751,105.9800033569336,5159674,106.05999755859376,106.29000091552734,105.16000366210938
752,105.62999725341795,1136661,105.0,105.76000213623048,104.75
753,105.33000183105467,1662006,105.80999755859376,106.11000061035156,104.93000030517578
754,104.7300033569336,2285186,106.01000213623048,106.27999877929688,104.7300033569336
755,105.62000274658205,1462993,105.3499984741211,106.11000061035156,105.31999969482422
756,104.81999969482422,1367754,104.6999969482422,104.95999908447266,104.20999908447266
757,103.0999984741211,1666602,104.41999816894533,104.5500030517578,102.76000213623048
758,102.08000183105467,1718922,103.13999938964844,103.31999969482422,101.8499984741211
759,102.5999984741211,1537609,102.5500030517578,103.1500015258789,102.5500030517578
760,101.0500030517578,1709983,103.7300033569336,103.9000015258789,100.20999908447266
761,103.13999938964844,2276220,101.5,103.29000091552734,101.05999755859376
762,103.31999969482422,1693577,103.55999755859376,104.6999969482422,103.20999908447266
763,103.18000030517578,2450188,102.87999725341795,103.56999969482422,102.5199966430664
764,103.31999969482422,1048736,103.87999725341795,104.28500366210938,103.2699966430664
765,103.31999969482422,1075679,102.80999755859376,104.0500030517578,102.5999984741211
766,103.52999877929688,1092327,103.6999969482422,103.87999725341795,103.0
767,105.18000030517578,2087584,104.3000030517578,105.3499984741211,103.79000091552734
768,106.5,1929496,105.6500015258789,107.05999755859376,105.58999633789062
769,107.3499984741211,1250653,106.69000244140624,107.58999633789062,106.33000183105467
770,107.44000244140624,2328626,107.3000030517578,107.9499969482422,107.08000183105467
771,107.6500015258789,1756089,107.55999755859376,108.0,106.87000274658205
772,108.73999786376952,2196287,108.2300033569336,108.83000183105467,107.2300033569336
773,108.66000366210938,3741095,108.6999969482422,109.1500015258789,108.37999725341795
774,108.61000061035156,2377559,109.0,109.11000061035156,108.4000015258789
775,108.0500030517578,1494747,108.4000015258789,108.54000091552734,107.3499984741211
776,108.83000183105467,1620732,108.01000213623048,109.1999969482422,107.79000091552734
777,109.8499984741211,2186238,109.5,109.9499969482422,108.9499969482422
778,109.76000213623048,1465480,109.6999969482422,110.0999984741211,109.58499908447266
779,110.05999755859376,1745314,109.86000061035156,110.4499969482422,109.62000274658205
780,110.1500015258789,2037070,110.48999786376952,110.80999755859376,109.5999984741211
781,109.7300033569336,2267124,110.5500030517578,110.5500030517578,109.7300033569336
782,111.1500015258789,2487251,109.9000015258789,111.43000030517578,109.8000030517578
783,110.75,1325884,111.1999969482422,111.37999725341795,110.38999938964844
784,110.3000030517578,1606239,110.86000061035156,111.04000091552734,109.9499969482422
785,110.31999969482422,1486405,110.4000015258789,110.69000244140624,110.1500015258789
786,110.20999908447266,1378411,110.20999908447266,110.5999984741211,109.58999633789062
787,109.9499969482422,1516258,109.8499984741211,110.19000244140624,109.55999755859376
788,109.3000030517578,1552187,109.86000061035156,109.9000015258789,109.02999877929688
789,109.25,1712454,110.30999755859376,110.4000015258789,109.08999633789062
790,103.0,7122390,104.11000061035156,106.1500015258789,102.08000183105467
791,101.5,4756659,102.36000061035156,103.30999755859376,101.37000274658205
792,100.97000122070312,4030572,101.1999969482422,102.56999969482422,100.6500015258789
793,102.2300033569336,1597651,101.0,102.38999938964844,100.9800033569336
794,101.5199966430664,1842679,102.02999877929688,102.20999908447266,101.1999969482422
795,99.1999969482422,3345735,98.6999969482422,100.1500015258789,98.45999908447266
796,99.9000015258789,2366921,99.45999908447266,100.58000183105467,99.45999908447266
797,101.22000122070312,2873586,99.79000091552734,101.29000091552734,99.70999908447266
798,101.38999938964844,1875413,101.0999984741211,101.75,100.7300033569336
799,100.69000244140624,4181654,101.22000122070312,101.70999908447266,100.45999908447266
800,99.0500030517578,2589393,99.9499969482422,100.37000274658205,99.0500030517578
801,97.06999969482422,3973674,99.26000213623048,99.5999984741211,97.06999969482422
802,97.75,2835253,97.3000030517578,98.11499786376952,97.19000244140624
803,98.5999984741211,1734529,98.19000244140624,99.2300033569336,98.0999984741211
804,98.9000015258789,2461272,98.8499984741211,99.25,98.1500015258789
805,98.41000366210938,1862278,98.3499984741211,98.94000244140624,97.83000183105467
806,98.72000122070312,2100981,98.80999755859376,99.25,98.41999816894533
807,95.51000213623048,3399512,96.80999755859376,97.11000061035156,95.2300033569336
808,95.12000274658205,2531902,96.0,96.6500015258789,94.87999725341795
809,95.27999877929688,4703866,93.13999938964844,95.27999877929688,93.0500030517578
810,95.4000015258789,3162252,96.1999969482422,96.97000122070312,94.63999938964844
811,95.3000030517578,6488332,94.0,96.1500015258789,93.3499984741211
812,96.4499969482422,6451777,96.2300033569336,96.62999725341795,95.33999633789062
813,96.08000183105467,2079792,95.1999969482422,97.12999725341795,95.05999755859376
814,96.5199966430664,2225019,96.9000015258789,97.5199966430664,96.25
815,97.13999938964844,2889674,97.9000015258789,98.76000213623048,97.13999938964844
816,97.02999877929688,1900925,96.7699966430664,97.4000015258789,96.4499969482422
817,95.83999633789062,2765386,96.04000091552734,96.79000091552734,95.3499984741211
818,95.06999969482422,2040884,96.41999816894533,96.5,95.04000091552734
819,96.05999755859376,1915223,95.5999984741211,96.58000183105467,95.5
820,96.33999633789062,2120814,95.30999755859376,96.33999633789062,94.8499984741211
821,97.75,2611402,97.55999755859376,97.9499969482422,97.01000213623048
822,98.31999969482422,2549472,98.3499984741211,98.77999877929688,97.91000366210938
823,99.2699966430664,2174951,98.58999633789062,100.0,98.5500030517578
824,98.9800033569336,1577845,99.75,99.86000061035156,98.5
825,99.05999755859376,1535460,98.69000244140624,99.58999633789062,98.66999816894533
826,99.01000213623048,1780447,99.4000015258789,99.4800033569336,98.3249969482422
827,99.76000213623048,1821000,99.70999908447266,100.0999984741211,99.43000030517578
828,99.2300033569336,1656007,100.3499984741211,100.36000061035156,98.68000030517578
829,98.22000122070312,1668839,99.23999786376952,99.48999786376952,98.1999969482422
830,99.11000061035156,1352457,98.22000122070312,99.27999877929688,98.1999969482422
831,99.73999786376952,2059296,100.0,100.4800033569336,99.56999969482422
832,99.4000015258789,1848784,99.12000274658205,99.62000274658205,99.12000274658205
833,99.37000274658205,982903,99.37999725341795,99.66999816894533,99.06999969482422
834,100.91999816894533,2447545,99.95999908447266,101.30999755859376,99.75
835,99.8000030517578,3084544,100.5,100.61000061035156,98.6999969482422
836,100.11000061035156,1002073,100.4499969482422,100.77999877929688,100.04000091552734
837,99.88999938964844,2063264,100.0,100.3000030517578,99.22000122070312
838,99.0999984741211,1423491,99.95999908447266,100.0,98.79000091552734
839,99.36000061035156,2869131,99.58000183105467,100.23999786376952,99.16999816894533
840,100.44000244140624,1471474,99.95999908447266,100.5999984741211,99.58000183105467
841,100.0999984741211,2179624,100.79000091552734,100.9499969482422,99.61000061035156
842,98.29000091552734,2145783,98.8000030517578,98.88999938964844,97.93000030517578
843,95.76000213623048,2992222,95.94000244140624,97.23999786376952,94.81999969482422
844,96.12999725341795,2799731,95.5999984741211,96.4800033569336,94.37000274658205
845,97.12000274658205,2193033,97.0,97.54000091552734,96.30999755859376
846,97.33999633789062,2406124,96.5999984741211,97.77999877929688,95.4499969482422
847,97.8499984741211,2373018,96.94000244140624,97.8499984741211,96.69000244140624
848,98.3499984741211,2072546,98.83000183105467,98.86000061035156,97.88500213623048
849,98.95999908447266,1916311,98.8499984741211,99.18000030517578,98.36000061035156
850,98.5,1288706,98.52999877929688,98.75,98.16999816894533
851,97.58999633789062,2441266,98.3000030517578,98.94000244140624,97.58999633789062
852,97.13999938964844,2147154,97.11000061035156,97.3000030517578,96.01000213623048
853,98.0,2118783,98.37000274658205,98.41999816894533,97.76000213623048
854,99.8000030517578,3056096,98.8000030517578,99.87000274658205,98.66999816894533
855,98.9000015258789,1376062,99.69000244140624,99.8000030517578,98.5999984741211
856,99.44000244140624,2886469,98.9000015258789,99.93000030517578,98.68000030517578
857,99.93000030517578,1818274,99.1999969482422,99.9800033569336,98.83999633789062
858,97.72000122070312,2862243,99.4000015258789,99.66999816894533,97.69499969482422
859,98.16000366210938,1923403,97.8000030517578,98.68000030517578,97.79000091552734
860,99.56999969482422,1530222,99.36000061035156,99.69000244140624,98.8499984741211
861,99.18000030517578,1617947,99.1999969482422,99.6999969482422,98.7300033569336
862,96.77999877929688,11931674,98.88999938964844,99.0,96.77999877929688
863,96.8000030517578,2109961,96.5199966430664,97.62000274658205,96.3000030517578
864,96.91000366210938,2569521,97.1999969482422,97.58999633789062,96.26000213623048
865,97.5,2085675,97.55999755859376,98.01000213623048,97.22000122070312
866,96.55999755859376,2041599,96.87999725341795,97.19000244140624,96.4000015258789
867,95.69000244140624,2178339,96.75,97.0,95.69000244140624
868,95.88999938964844,2346149,95.61000061035156,95.9800033569336,95.31999969482422
869,95.8000030517578,1579114,95.73999786376952,96.12000274658205,95.5999984741211
870,96.5199966430664,1973419,95.9800033569336,96.5999984741211,95.9000015258789
871,97.37000274658205,2971378,97.0,97.5500030517578,96.5999984741211
872,97.98999786376952,2837488,97.6500015258789,98.25,97.41000366210938
873,99.3499984741211,6702838,98.3000030517578,99.3499984741211,98.05999755859376
874,100.51000213623048,2771173,99.66000366210938,100.81999969482422,99.4499969482422
875,101.62000274658205,2698905,100.8000030517578,101.97000122070312,100.36000061035156
876,101.68000030517578,2594424,102.1999969482422,102.48999786376952,101.58499908447266
877,100.08000183105467,2313609,101.51000213623048,101.58999633789062,99.97000122070312
878,98.51000213623048,2750925,99.5999984741211,99.8000030517578,98.0
879,97.93000030517578,2559460,98.37999725341795,98.5,97.48999786376952
880,98.43000030517578,2139922,98.5500030517578,99.2699966430664,98.43000030517578
881,99.54000091552734,2391541,98.6999969482422,99.94000244140624,98.62999725341795
882,100.06999969482422,1593529,99.9000015258789,100.69000244140624,99.8000030517578
883,100.2699966430664,2603014,100.16000366210938,100.3000030517578,99.55500030517578
884,100.94000244140624,2147940,100.3000030517578,100.97000122070312,99.77999877929688
885,102.27999877929688,2188463,101.0500030517578,102.4000015258789,100.41999816894533
886,101.77999877929688,2156097,102.11000061035156,102.38999938964844,101.4000015258789
887,100.43000030517578,2182248,101.05999755859376,101.45999908447266,100.12999725341795
888,98.7300033569336,2017705,99.2300033569336,99.41999816894533,98.41000366210938
889,98.5199966430664,1152141,99.13999938964844,99.47000122070312,98.31999969482422
890,99.62000274658205,1793004,98.97000122070312,99.62000274658205,98.7300033569336
891,99.1500015258789,1765254,100.01000213623048,100.1500015258789,99.1500015258789
892,100.62000274658205,3171603,100.13999938964844,100.8550033569336,99.70999908447266
893,101.33000183105467,2083622,100.87999725341795,101.58999633789062,100.58999633789062
894,101.87000274658205,1608226,101.4499969482422,101.91000366210938,101.1999969482422
895,102.56999969482422,2084918,102.3000030517578,103.0999984741211,102.11000061035156
896,104.6500015258789,3567951,103.83999633789062,104.6500015258789,103.23999786376952
897,105.25,3465003,105.5,106.2300033569336,104.6999969482422
898,104.5500030517578,3354092,104.8499984741211,105.06999969482422,104.16999816894533
899,104.43000030517578,1554919,105.3000030517578,105.3000030517578,104.33000183105467
900,104.1999969482422,1520910,104.4000015258789,104.4000015258789,103.51000213623048
901,105.0,1631244,103.93000030517578,105.7699966430664,103.66999816894533
902,106.52999877929688,2544987,105.4000015258789,107.08999633789062,105.3000030517578
903,105.5,1880770,105.51000213623048,106.08999633789062,104.81999969482422
904,105.70999908447266,1265049,105.76000213623048,105.9800033569336,104.93000030517578
905,105.8499984741211,1440788,105.22000122070312,106.1999969482422,104.83999633789062
906,103.45999908447266,2074443,105.2300033569336,105.3499984741211,103.08999633789062
907,102.45999908447266,2890772,102.95999908447266,103.33999633789062,102.05999755859376
908,101.87000274658205,2687798,102.6999969482422,103.1500015258789,101.6999969482422
909,101.8499984741211,2771020,102.08999633789062,102.22000122070312,101.48999786376952
910,102.20999908447266,3241229,102.4000015258789,102.58000183105467,101.93000030517578
911,104.8499984741211,2635786,104.80999755859376,105.22000122070312,103.5500030517578
912,104.47000122070312,2461857,103.81999969482422,104.69000244140624,103.12000274658205
913,104.4000015258789,1734661,104.30999755859376,105.0,104.0199966430664
914,103.6999969482422,2624230,103.62999725341795,104.12999725341795,103.41000366210938
915,103.51000213623048,1631886,104.0,104.19000244140624,103.3499984741211
916,99.79000091552734,4423573,100.0199966430664,100.4800033569336,99.4800033569336
917,99.6500015258789,3049916,99.9000015258789,99.9000015258789,98.66999816894533
918,99.0500030517578,2430138,99.20999908447266,99.45999908447266,98.5500030517578
919,98.4499969482422,2651338,98.91999816894533,99.58000183105467,98.31999969482422
920,98.66999816894533,3070402,98.08999633789062,98.66999816894533,97.69000244140624
921,99.4499969482422,3375196,98.1999969482422,99.83999633789062,98.0
922,100.61000061035156,2630712,100.0999984741211,100.83999633789062,99.5999984741211
923,99.56999969482422,2301999,100.23999786376952,100.2699966430664,99.37000274658205
924,100.77999877929688,1652565,99.8000030517578,100.80999755859376,99.73999786376952
925,101.02999877929688,1519428,101.38999938964844,101.4499969482422,100.4800033569336
926,101.83999633789062,1810483,101.62999725341795,102.46499633789062,101.5
927,102.18000030517578,3576801,101.83000183105467,102.4499969482422,101.61000061035156
928,101.3499984741211,1596631,101.6999969482422,102.0,101.1999969482422
929,102.01000213623048,1425483,101.69000244140624,102.2699966430664,101.56999969482422
930,102.22000122070312,1274211,102.0999984741211,102.29000091552734,101.75
931,101.51000213623048,2000414,102.75,103.18000030517578,101.29499816894533
932,100.9000015258789,1721897,101.0,101.37999725341795,100.30999755859376
933,100.80999755859376,1271405,101.2300033569336,101.47000122070312,100.1500015258789
934,102.04000091552734,1707461,100.8000030517578,102.18000030517578,100.5500030517578
935,102.11000061035156,1303827,102.4000015258789,102.58999633789062,101.12000274658205
936,101.6999969482422,1281734,102.1500015258789,102.1500015258789,101.01000213623048
937,102.12999725341795,2242700,101.16999816894533,102.45999908447266,101.1500015258789
938,103.16000366210938,4199986,103.0,103.56999969482422,102.68000030517578
939,102.62999725341795,886664,102.5999984741211,102.8000030517578,101.93000030517578
940,102.12999725341795,1806193,102.31999969482422,102.38999938964844,101.44000244140624
941,101.83999633789062,2498953,102.2699966430664,102.48999786376952,101.44000244140624
942,100.08000183105467,2447271,101.66999816894533,101.87999725341795,99.75
943,100.05999755859376,3396755,98.5,100.05999755859376,98.0999984741211
944,99.87999725341795,1014251,100.0,100.0,99.0199966430664
945,100.08000183105467,1292290,99.6999969482422,100.37000274658205,99.26000213623048
946,100.52999877929688,1346621,100.0,100.58000183105467,99.86000061035156
947,99.9499969482422,1422062,100.48999786376952,100.73999786376952,99.55999755859376
948,99.97000122070312,2444569,99.9800033569336,100.08000183105467,99.55999755859376
949,99.8499984741211,1131578,99.36000061035156,99.97000122070312,98.91000366210938
950,99.69000244140624,2702099,98.66000366210938,99.8499984741211,98.5
951,98.08999633789062,2543630,99.0,99.13999938964844,97.5999984741211
952,98.9800033569336,1726498,98.3000030517578,99.37999725341795,98.1999969482422
953,100.04000091552734,2408410,99.0500030517578,100.65499877929688,98.9000015258789
954,100.02999877929688,1108229,99.97000122070312,100.55999755859376,99.6999969482422
955,100.6999969482422,2252750,100.98999786376952,101.19000244140624,100.29000091552734
956,100.63999938964844,1577672,100.88999938964844,101.0,100.31999969482422
957,101.5999984741211,2162969,101.16999816894533,102.22000122070312,100.61000061035156
958,100.97000122070312,1473078,100.5999984741211,101.2300033569336,100.51000213623048
959,100.66999816894533,1448174,100.5,100.83000183105467,100.25
960,101.1999969482422,1210306,101.3499984741211,101.51000213623048,100.91999816894533
961,101.41999816894533,1652838,101.18000030517578,101.73999786376952,101.0
962,99.77999877929688,2642789,100.08999633789062,100.58000183105467,99.33000183105467
963,98.75,2641664,99.08999633789062,99.77999877929688,98.31999969482422
964,97.81999969482422,1348775,98.3000030517578,98.5999984741211,97.62999725341795
965,98.06999969482422,1686722,98.37999725341795,98.63999938964844,98.0199966430664
966,97.3499984741211,1662864,98.1999969482422,98.5500030517578,97.12000274658205
967,97.0,2289128,96.98999786376952,97.25,96.4000015258789
968,97.8000030517578,2273929,97.5500030517578,98.27999877929688,97.5500030517578
969,96.22000122070312,2033713,96.72000122070312,96.78500366210938,96.1500015258789
970,96.55999755859376,2533920,97.08999633789062,97.20999908447266,96.25
971,96.87000274658205,2162550,96.9000015258789,96.97000122070312,96.3000030517578
972,98.43000030517578,2307420,98.2699966430664,99.01000213623048,98.05999755859376
973,99.93000030517578,2507791,99.5999984741211,99.98999786376952,99.1999969482422
974,100.41999816894533,2282526,99.83999633789062,101.26000213623048,99.75
975,100.01000213623048,1806507,100.62999725341795,100.63999938964844,99.48999786376952
976,100.69000244140624,1432581,100.58000183105467,101.05999755859376,100.20999908447266
977,102.11000061035156,3152761,101.3000030517578,103.0,101.0999984741211
978,101.31999969482422,1407582,101.75,101.87999725341795,101.01000213623048
979,101.30999755859376,1472779,101.2300033569336,101.83999633789062,100.87000274658205
980,102.27999877929688,2049690,102.3499984741211,102.63999938964844,101.62000274658205
981,102.1500015258789,3169156,103.3000030517578,103.63999938964844,101.91999816894533
982,102.29000091552734,1993737,102.8000030517578,102.87999725341795,101.8499984741211
983,102.47000122070312,2729262,102.37999725341795,102.69000244140624,101.87000274658205
984,103.16999816894533,1627761,102.8000030517578,103.31999969482422,102.6999969482422
985,103.6999969482422,1970123,103.5199966430664,103.86000061035156,103.25
986,103.8000030517578,1292108,103.4000015258789,104.30999755859376,103.37999725341795
987,102.95999908447266,2421800,103.54000091552734,103.79000091552734,102.81999969482422
988,103.69000244140624,1275404,103.0999984741211,104.0500030517578,103.0
989,102.61000061035156,1288697,104.0199966430664,104.0199966430664,102.61000061035156
990,103.33999633789062,1397249,102.5,103.86000061035156,102.3499984741211
991,103.33000183105467,1277217,103.79000091552734,104.0500030517578,103.1999969482422
992,104.66000366210938,5016298,103.5500030517578,104.66000366210938,103.25
993,104.19000244140624,1781950,104.6500015258789,104.66000366210938,103.75
994,105.12000274658205,2121950,104.9499969482422,105.58000183105467,104.58999633789062
995,104.70999908447266,1417376,104.98999786376952,104.98999786376952,104.41000366210938
996,106.33999633789062,3135300,105.48999786376952,106.72000122070312,105.23999786376952
997,106.2699966430664,1747083,105.9800033569336,106.54000091552734,105.6999969482422
998,106.44000244140624,1434178,105.7699966430664,106.44000244140624,105.22000122070312
999,106.94000244140624,1395078,106.66999816894533,107.45500183105467,106.63999938964844
1000,107.41000366210938,1406122,106.7300033569336,107.63999938964844,106.6500015258789
1001,108.1500015258789,1727766,107.8000030517578,108.38999938964844,107.6050033569336
1002,109.5199966430664,2593767,108.91999816894533,109.5199966430664,108.62999725341795
1003,110.06999969482422,7159356,110.0,110.5,109.5199966430664
1004,110.0,1300270,109.5,110.12999725341795,109.13999938964844
1005,110.5999984741211,1966065,110.3499984741211,110.88999938964844,109.6500015258789
1006,110.97000122070312,2090455,110.8000030517578,111.1500015258789,110.6500015258789
1007,110.55999755859376,2830850,110.7300033569336,110.86000061035156,110.01000213623048
1008,110.5,3097447,110.19000244140624,110.83000183105467,110.16000366210938
1009,111.19000244140624,1017160,111.12000274658205,111.8499984741211,110.76000213623048
1010,112.29000091552734,1735707,111.80999755859376,112.29000091552734,111.55999755859376
1011,111.8000030517578,2170375,112.1500015258789,112.37000274658205,111.43000030517578
1012,113.61000061035156,1628690,111.8499984741211,113.61000061035156,111.79000091552734
1013,112.12999725341795,1207784,112.5999984741211,112.9800033569336,112.0199966430664
1014,111.48999786376952,1380616,112.3000030517578,112.3249969482422,110.94000244140624
1015,112.98999786376952,1502441,112.0,113.23999786376952,111.9000015258789
1016,111.9800033569336,1784232,112.76000213623048,113.22000122070312,111.87000274658205
1017,113.0199966430664,1510571,113.27999877929688,113.3000030517578,112.63999938964844
1018,112.04000091552734,1415900,112.97000122070312,113.3000030517578,112.04000091552734
1019,113.5999984741211,1667803,112.5,113.66000366210938,112.23999786376952
1020,113.62999725341795,1678657,113.0,113.8000030517578,112.8000030517578
1021,113.7300033569336,207240,113.5,113.8000030517578,113.1500015258789
1022,113.0,1896379,113.5,113.66000366210938,112.8000030517578
1023,112.33000183105467,2189913,112.81999969482422,112.98999786376952,111.70999908447266
1024,112.4800033569336,2131509,111.37000274658205,112.91000366210938,111.37000274658205
1025,113.27999877929688,4107588,113.12000274658205,113.9000015258789,112.70999908447266
1026,114.8000030517578,2353571,114.0,114.8499984741211,113.5500030517578
1027,115.66000366210938,2197384,114.9000015258789,115.9800033569336,114.70999908447266
1028,114.6999969482422,1509853,116.0,116.0,114.52999877929688
1029,114.86000061035156,1967920,115.0,115.13999938964844,114.0
1030,115.91999816894533,2017654,116.0,116.0,115.0
1031,116.0500030517578,1982285,116.12000274658205,116.94000244140624,115.7699966430664
1032,117.52999877929688,4128431,116.0,118.23999786376952,115.20500183105467
1033,114.0999984741211,2593915,116.6500015258789,116.8000030517578,114.0999984741211
1034,115.80999755859376,2545023,114.80999755859376,116.12000274658205,114.43000030517578
1035,115.4800033569336,1142496,115.0199966430664,115.4800033569336,113.97000122070312
1036,114.37000274658205,1997385,115.31999969482422,115.63999938964844,114.1500015258789
1037,114.5500030517578,1737069,114.91999816894533,115.63999938964844,114.22000122070312
1038,115.87000274658205,1366549,115.13999938964844,116.0,114.44000244140624
1039,116.23999786376952,2086972,116.2699966430664,116.75,116.01000213623048
1040,115.7300033569336,1005660,116.5,116.77999877929688,115.5500030517578
1041,116.0,1758908,117.26000213623048,117.75,116.0
1042,114.06999969482422,2740465,113.16000366210938,114.06999969482422,111.55999755859376
1043,114.16000366210938,2315896,113.5,115.16999816894533,113.26000213623048
1044,116.27999877929688,3844462,115.75,116.27999877929688,114.77999877929688
1045,117.12999725341795,1386827,115.86000061035156,117.29000091552734,115.62000274658205
1046,116.9499969482422,1772794,117.4000015258789,117.8000030517578,116.05999755859376
1047,114.62000274658205,3281940,114.30999755859376,115.95999908447266,114.0999984741211
1048,114.4499969482422,1691941,115.0,115.0,113.30999755859376
1049,114.83000183105467,1576082,115.33000183105467,115.87999725341795,114.56999969482422
1050,115.91999816894533,1623264,115.31999969482422,115.98999786376952,115.06999969482422
1051,117.12000274658205,2199043,116.1999969482422,117.12000274658205,115.53500366210938
1052,115.95999908447266,1605950,117.25,117.3000030517578,115.66999816894533
1053,116.41000366210938,4036090,116.18000030517578,116.76000213623048,115.2300033569336
1054,117.36000061035156,1547236,116.75,117.36000061035156,116.1999969482422
1055,118.12000274658205,1657258,117.5500030517578,118.5500030517578,117.36000061035156
1056,116.94000244140624,1985735,118.5999984741211,118.6999969482422,116.7699966430664
1057,118.30999755859376,1499396,117.0,118.41000366210938,116.68000030517578
1058,119.25,2404787,118.5,119.37000274658205,118.38999938964844
1059,121.4499969482422,3693739,119.54000091552734,121.54000091552734,119.0199966430664
1060,118.12999725341795,1620096,119.98999786376952,120.2300033569336,117.93000030517578
1061,117.73999786376952,1912342,119.0199966430664,120.08000183105467,117.51000213623048
1062,117.5500030517578,1749751,118.01000213623048,118.22000122070312,116.81999969482422
1063,116.22000122070312,1972503,117.54000091552734,117.55999755859376,115.33999633789062
1064,115.54000091552734,5370902,115.0,115.54000091552734,114.0
1065,116.45999908447266,1471598,115.4000015258789,116.55999755859376,115.2699966430664
1066,115.77999877929688,1817662,116.43000030517578,116.44000244140624,115.33000183105467
1067,115.6500015258789,2011037,116.3000030517578,116.87000274658205,115.6500015258789
1068,118.0,3579903,117.0999984741211,118.0500030517578,116.54000091552734
1069,117.4800033569336,3825604,118.3000030517578,118.3499984741211,116.55999755859376
1070,118.79000091552734,1974708,118.25,118.98999786376952,117.48999786376952
1071,118.5999984741211,1676353,118.9000015258789,119.48500061035156,118.56999969482422
1072,120.0,2340622,118.7699966430664,120.19000244140624,118.51000213623048
1073,120.33999633789062,2679602,120.55999755859376,120.55999755859376,119.4000015258789
1074,120.06999969482422,2314881,119.4000015258789,120.5999984741211,119.3000030517578
1075,117.80999755859376,2016061,119.62999725341795,119.93000030517578,117.63999938964844
1076,118.3499984741211,1282364,118.5999984741211,119.06999969482422,117.97000122070312
1077,118.04000091552734,1387617,117.06999969482422,118.16999816894533,116.62999725341795
1078,118.19000244140624,1168997,118.77999877929688,119.0199966430664,117.6999969482422
1079,119.1500015258789,949230,118.72000122070312,119.1500015258789,118.4800033569336
1080,118.20999908447266,1720573,119.1500015258789,119.20999908447266,117.9800033569336
1081,116.80999755859376,1787099,116.33999633789062,116.98999786376952,116.0999984741211
1082,116.23999786376952,1381123,116.37000274658205,116.69000244140624,116.01000213623048
1083,114.63999938964844,2434316,115.1999969482422,115.3000030517578,114.29499816894533
1084,112.1999969482422,3022718,113.58000183105467,113.73999786376952,111.62999725341795
1085,111.94000244140624,1405392,112.16000366210938,112.8000030517578,111.94000244140624
1086,112.7300033569336,1583905,111.7300033569336,113.16000366210938,111.7300033569336
1087,111.86000061035156,3479032,111.6500015258789,112.51000213623048,109.94000244140624
1088,112.87999725341795,1916178,113.08999633789062,113.68000030517578,112.38999938964844
1089,114.58000183105467,1197831,114.0,114.58000183105467,113.6999969482422
1090,115.0,1600191,115.5,115.8499984741211,115.0
1091,112.98999786376952,1672386,114.4499969482422,114.55999755859376,112.7699966430664
1092,113.83999633789062,1374832,114.0,114.1999969482422,113.66000366210938
1093,114.54000091552734,1315376,113.6500015258789,114.54000091552734,113.41999816894533
1094,113.91999816894533,1092138,113.5999984741211,114.11000061035156,113.0
1095,115.0,1545052,114.69000244140624,115.83999633789062,114.0199966430664
1096,115.2300033569336,1212181,115.76000213623048,115.76000213623048,114.73999786376952
1097,116.58999633789062,1426516,116.01000213623048,116.58999633789062,115.77999877929688
1098,119.0,2692665,117.56999969482422,119.0,116.88999938964844
1099,119.73999786376952,2104415,119.5,119.9000015258789,118.45999908447266
1100,117.08999633789062,1837558,119.6999969482422,119.6999969482422,117.08999633789062
1101,117.54000091552734,1483110,117.70999908447266,118.3499984741211,117.25
1102,119.12000274658205,1751999,117.54000091552734,119.12000274658205,117.05999755859376
1103,119.33000183105467,1472592,118.6999969482422,119.33000183105467,118.53500366210938
1104,119.93000030517578,1820801,119.5,120.06999969482422,119.27999877929688
1105,122.26000213623048,3208604,121.0,122.5500030517578,120.1999969482422
1106,121.04000091552734,3747916,121.5,121.79000091552734,120.33999633789062
1107,121.7699966430664,1224873,121.0,121.86000061035156,120.9499969482422
1108,121.79000091552734,1554701,121.69000244140624,121.79000091552734,120.91999816894533
1109,121.5,1428336,122.06999969482422,122.3499984741211,121.3000030517578
1110,120.7300033569336,1535204,120.72000122070312,121.0,120.2300033569336
1111,118.87000274658205,1902826,119.0199966430664,119.5,118.08000183105467
1112,120.0999984741211,1111552,119.7300033569336,120.33000183105467,119.7300033569336
1113,120.30999755859376,1699877,120.08999633789062,120.33000183105467,119.51000213623048
1114,118.33999633789062,1768394,119.37999725341795,119.48999786376952,117.88999938964844
1115,117.98999786376952,1327847,117.0999984741211,118.41999816894533,116.63999938964844
1116,119.54000091552734,3397759,118.8000030517578,119.54000091552734,118.52999877929688
1117,121.29000091552734,1686338,120.33999633789062,121.29000091552734,120.22000122070312
1118,122.45999908447266,2230997,121.1500015258789,122.48999786376952,121.0500030517578
1119,123.47000122070312,2389848,123.16999816894533,123.9499969482422,122.81999969482422
1120,124.8499984741211,2636419,124.5,125.97000122070312,124.20999908447266
1121,125.5500030517578,1414714,125.0,125.5500030517578,124.08000183105467
1122,124.93000030517578,2514626,124.0500030517578,125.02999877929688,123.72000122070312
1123,124.0999984741211,1809137,124.3499984741211,124.59500122070312,123.4000015258789
1124,125.4800033569336,2582193,125.33000183105467,125.69000244140624,124.9000015258789
1125,125.30999755859376,1597350,125.36000061035156,125.5999984741211,124.8499984741211
1126,125.48999786376952,1531082,124.98999786376952,125.5999984741211,124.76000213623048
1127,127.9800033569336,2236320,126.58000183105467,127.98999786376952,126.1999969482422
1128,126.94000244140624,2012104,127.79000091552734,127.87999725341795,126.7699966430664
1129,127.75,3548847,126.6500015258789,127.83999633789062,126.52999877929688
1130,127.68000030517578,7145883,128.0,128.25,125.9000015258789
1131,126.8000030517578,1767854,127.5999984741211,127.98999786376952,126.8000030517578
1132,128.6300048828125,2092832,128.11000061035156,128.67999267578125,127.51000213623048
1133,126.9000015258789,1900389,127.63999938964844,128.08999633789062,126.63500213623048
1134,126.1999969482422,2021794,125.0,126.1999969482422,124.3499984741211
1135,127.37999725341795,2190551,127.0,127.61000061035156,126.2699966430664
1136,126.1999969482422,1585105,126.44000244140624,126.52999877929688,125.43000030517578
